"HGNC ID (gene)","Approved symbol","Approved name","Previous symbols","Aliases","Chromosome","Group"
"HGNC:12027","TRA","T cell receptor alpha locus","TCRA,TRA@","","14q11.2","T cell receptor alpha locus at 14q11.2"
"HGNC:12101","TRAV1-1","T cell receptor alpha variable 1-1","","","14q11.2","T cell receptor alpha locus at 14q11.2"
"HGNC:12102","TRAV1-2","T cell receptor alpha variable 1-2","","","14q11.2","T cell receptor alpha locus at 14q11.2"
"HGNC:12116","TRAV2","T cell receptor alpha variable 2","","","14q11.2","T cell receptor alpha locus at 14q11.2"
"HGNC:12128","TRAV3","T cell receptor alpha variable 3","","","14q11.2","T cell receptor alpha locus at 14q11.2"
"HGNC:12140","TRAV4","T cell receptor alpha variable 4","","","14q11.2","T cell receptor alpha locus at 14q11.2"
"HGNC:12143","TRAV5","T cell receptor alpha variable 5","","","14q11.2","T cell receptor alpha locus at 14q11.2"
"HGNC:12144","TRAV6","T cell receptor alpha variable 6","TCRAV5S1","","14q11.2","T cell receptor alpha locus at 14q11.2"
"HGNC:12145","TRAV7","T cell receptor alpha variable 7","","","14q11.2","T cell receptor alpha locus at 14q11.2"
"HGNC:12146","TRAV8-1","T cell receptor alpha variable 8-1","","","14q11.2","T cell receptor alpha locus at 14q11.2"
"HGNC:12147","TRAV8-2","T cell receptor alpha variable 8-2","","","14q11.2","T cell receptor alpha locus at 14q11.2"
"HGNC:12148","TRAV8-3","T cell receptor alpha variable 8-3","","","14q11.2","T cell receptor alpha locus at 14q11.2"
"HGNC:12149","TRAV8-4","T cell receptor alpha variable 8-4","","","14q11.2","T cell receptor alpha locus at 14q11.2"
"HGNC:12150","TRAV8-5","T cell receptor alpha variable 8-5 (pseudogene)","","","14q11.2","T cell receptor alpha locus at 14q11.2"
"HGNC:12151","TRAV8-6","T cell receptor alpha variable 8-6","","","14q11.2","T cell receptor alpha locus at 14q11.2"
"HGNC:12152","TRAV8-7","T cell receptor alpha variable 8-7 (pseudogene)","","","14q11.2","T cell receptor alpha locus at 14q11.2"
"HGNC:12153","TRAV9-1","T cell receptor alpha variable 9-1","","","14q11.2","T cell receptor alpha locus at 14q11.2"
"HGNC:12154","TRAV9-2","T cell receptor alpha variable 9-2","","","14q11.2","T cell receptor alpha locus at 14q11.2"
"HGNC:12103","TRAV10","T cell receptor alpha variable 10","","","14q11.2","T cell receptor alpha locus at 14q11.2"
"HGNC:12104","TRAV11","T cell receptor alpha variable 11 (pseudogene)","","","14q11.2","T cell receptor alpha locus at 14q11.2"
"HGNC:12105","TRAV12-1","T cell receptor alpha variable 12-1","","","14q11.2","T cell receptor alpha locus at 14q11.2"
"HGNC:12106","TRAV12-2","T cell receptor alpha variable 12-2","","","14q11.2","T cell receptor alpha locus at 14q11.2"
"HGNC:12107","TRAV12-3","T cell receptor alpha variable 12-3","","","14q11.2","T cell receptor alpha locus at 14q11.2"
"HGNC:12108","TRAV13-1","T cell receptor alpha variable 13-1","","","14q11.2","T cell receptor alpha locus at 14q11.2"
"HGNC:12109","TRAV13-2","T cell receptor alpha variable 13-2","","","14q11.2","T cell receptor alpha locus at 14q11.2"
"HGNC:12110","TRAV14DV4","T cell receptor alpha variable 14/delta variable 4","","","14q11.2","T cell receptor alpha locus at 14q11.2"
"HGNC:12111","TRAV15","T cell receptor alpha variable 15 (pseudogene)","","","14q11.2","T cell receptor alpha locus at 14q11.2"
"HGNC:12112","TRAV16","T cell receptor alpha variable 16","","","14q11.2","T cell receptor alpha locus at 14q11.2"
"HGNC:12113","TRAV17","T cell receptor alpha variable 17","","","14q11.2","T cell receptor alpha locus at 14q11.2"
"HGNC:12114","TRAV18","T cell receptor alpha variable 18","","","14q11.2","T cell receptor alpha locus at 14q11.2"
"HGNC:12115","TRAV19","T cell receptor alpha variable 19","","","14q11.2","T cell receptor alpha locus at 14q11.2"
"HGNC:12117","TRAV20","T cell receptor alpha variable 20","","","14q11.2","T cell receptor alpha locus at 14q11.2"
"HGNC:12118","TRAV21","T cell receptor alpha variable 21","","","14q11.2","T cell receptor alpha locus at 14q11.2"
"HGNC:12119","TRAV22","T cell receptor alpha variable 22","","","14q11.2","T cell receptor alpha locus at 14q11.2"
"HGNC:12120","TRAV23DV6","T cell receptor alpha variable 23/delta variable 6","","","14q11.2","T cell receptor alpha locus at 14q11.2"
"HGNC:12121","TRAV24","T cell receptor alpha variable 24","","","14q11.2","T cell receptor alpha locus at 14q11.2"
"HGNC:12122","TRAV25","T cell receptor alpha variable 25","","","14q11.2","T cell receptor alpha locus at 14q11.2"
"HGNC:12123","TRAV26-1","T cell receptor alpha variable 26-1","","","14q11.2","T cell receptor alpha locus at 14q11.2"
"HGNC:12124","TRAV26-2","T cell receptor alpha variable 26-2","","","14q11.2","T cell receptor alpha locus at 14q11.2"
"HGNC:12125","TRAV27","T cell receptor alpha variable 27","","","14q11.2","T cell receptor alpha locus at 14q11.2"
"HGNC:12126","TRAV28","T cell receptor alpha variable 28 (pseudogene)","","","14q11.2","T cell receptor alpha locus at 14q11.2"
"HGNC:12127","TRAV29DV5","T cell receptor alpha variable 29/delta variable 5","","","14q11.2","T cell receptor alpha locus at 14q11.2"
"HGNC:12129","TRAV30","T cell receptor alpha variable 30","","","14q11.2","T cell receptor alpha locus at 14q11.2"
"HGNC:12130","TRAV31","T cell receptor alpha variable 31 (pseudogene)","","","14q11.2","T cell receptor alpha locus at 14q11.2"
"HGNC:12131","TRAV32","T cell receptor alpha variable 32 (pseudogene)","","","14q11.2","T cell receptor alpha locus at 14q11.2"
"HGNC:12132","TRAV33","T cell receptor alpha variable 33 (pseudogene)","","","14q11.2","T cell receptor alpha locus at 14q11.2"
"HGNC:12133","TRAV34","T cell receptor alpha variable 34","","","14q11.2","T cell receptor alpha locus at 14q11.2"
"HGNC:12134","TRAV35","T cell receptor alpha variable 35","","","14q11.2","T cell receptor alpha locus at 14q11.2"
"HGNC:12135","TRAV36DV7","T cell receptor alpha variable 36/delta variable 7","","","14q11.2","T cell receptor alpha locus at 14q11.2"
"HGNC:12136","TRAV37","T cell receptor alpha variable 37 (pseudogene)","","","14q11.2","T cell receptor alpha locus at 14q11.2"
"HGNC:12137","TRAV38-1","T cell receptor alpha variable 38-1","","","14q11.2","T cell receptor alpha locus at 14q11.2"
"HGNC:12138","TRAV38-2DV8","T cell receptor alpha variable 38-2/delta variable 8","","","14q11.2","T cell receptor alpha locus at 14q11.2"
"HGNC:12139","TRAV39","T cell receptor alpha variable 39","","","14q11.2","T cell receptor alpha locus at 14q11.2"
"HGNC:12141","TRAV40","T cell receptor alpha variable 40","","","14q11.2","T cell receptor alpha locus at 14q11.2"
"HGNC:12142","TRAV41","T cell receptor alpha variable 41","","","14q11.2","T cell receptor alpha locus at 14q11.2"
"HGNC:12037","TRAJ1","T cell receptor alpha joining 1 (non-functional)","","","14q11.2","T cell receptor alpha locus at 14q11.2"
"HGNC:12048","TRAJ2","T cell receptor alpha joining 2 (non-functional)","","","14q11.2","T cell receptor alpha locus at 14q11.2"
"HGNC:12059","TRAJ3","T cell receptor alpha joining 3","","","14q11.2","T cell receptor alpha locus at 14q11.2"
"HGNC:12070","TRAJ4","T cell receptor alpha joining 4","","","14q11.2","T cell receptor alpha locus at 14q11.2"
"HGNC:12081","TRAJ5","T cell receptor alpha joining 5","","","14q11.2","T cell receptor alpha locus at 14q11.2"
"HGNC:12092","TRAJ6","T cell receptor alpha joining 6","","","14q11.2","T cell receptor alpha locus at 14q11.2"
"HGNC:12095","TRAJ7","T cell receptor alpha joining 7","","","14q11.2","T cell receptor alpha locus at 14q11.2"
"HGNC:12096","TRAJ8","T cell receptor alpha joining 8","","","14q11.2","T cell receptor alpha locus at 14q11.2"
"HGNC:12097","TRAJ9","T cell receptor alpha joining 9","","","14q11.2","T cell receptor alpha locus at 14q11.2"
"HGNC:12038","TRAJ10","T cell receptor alpha joining 10","","","14q11.2","T cell receptor alpha locus at 14q11.2"
"HGNC:12039","TRAJ11","T cell receptor alpha joining 11","","","14q11.2","T cell receptor alpha locus at 14q11.2"
"HGNC:12040","TRAJ12","T cell receptor alpha joining 12","","","14q11.2","T cell receptor alpha locus at 14q11.2"
"HGNC:12041","TRAJ13","T cell receptor alpha joining 13","","","14q11.2","T cell receptor alpha locus at 14q11.2"
"HGNC:12042","TRAJ14","T cell receptor alpha joining 14","","","14q11.2","T cell receptor alpha locus at 14q11.2"
"HGNC:12043","TRAJ15","T cell receptor alpha joining 15","","","14q11.2","T cell receptor alpha locus at 14q11.2"
"HGNC:12044","TRAJ16","T cell receptor alpha joining 16","","","14q11.2","T cell receptor alpha locus at 14q11.2"
"HGNC:12045","TRAJ17","T cell receptor alpha joining 17","","","14q11.2","T cell receptor alpha locus at 14q11.2"
"HGNC:12046","TRAJ18","T cell receptor alpha joining 18","","","14q11.2","T cell receptor alpha locus at 14q11.2"
"HGNC:12047","TRAJ19","T cell receptor alpha joining 19 (non-functional)","","","14q11.2","T cell receptor alpha locus at 14q11.2"
"HGNC:12049","TRAJ20","T cell receptor alpha joining 20","","","14q11.2","T cell receptor alpha locus at 14q11.2"
"HGNC:12050","TRAJ21","T cell receptor alpha joining 21","","","14q11.2","T cell receptor alpha locus at 14q11.2"
"HGNC:12051","TRAJ22","T cell receptor alpha joining 22","","","14q11.2","T cell receptor alpha locus at 14q11.2"
"HGNC:12052","TRAJ23","T cell receptor alpha joining 23","","","14q11.2","T cell receptor alpha locus at 14q11.2"
"HGNC:12053","TRAJ24","T cell receptor alpha joining 24","","","14q11.2","T cell receptor alpha locus at 14q11.2"
"HGNC:12054","TRAJ25","T cell receptor alpha joining 25 (non-functional)","","","14q11.2","T cell receptor alpha locus at 14q11.2"
"HGNC:12055","TRAJ26","T cell receptor alpha joining 26","","","14q11.2","T cell receptor alpha locus at 14q11.2"
"HGNC:12056","TRAJ27","T cell receptor alpha joining 27","","","14q11.2","T cell receptor alpha locus at 14q11.2"
"HGNC:12057","TRAJ28","T cell receptor alpha joining 28","","","14q11.2","T cell receptor alpha locus at 14q11.2"
"HGNC:12058","TRAJ29","T cell receptor alpha joining 29","","","14q11.2","T cell receptor alpha locus at 14q11.2"
"HGNC:12060","TRAJ30","T cell receptor alpha joining 30","","","14q11.2","T cell receptor alpha locus at 14q11.2"
"HGNC:12061","TRAJ31","T cell receptor alpha joining 31","","","14q11.2","T cell receptor alpha locus at 14q11.2"
"HGNC:12062","TRAJ32","T cell receptor alpha joining 32","","","14q11.2","T cell receptor alpha locus at 14q11.2"
"HGNC:12063","TRAJ33","T cell receptor alpha joining 33","","","14q11.2","T cell receptor alpha locus at 14q11.2"
"HGNC:12064","TRAJ34","T cell receptor alpha joining 34","","","14q11.2","T cell receptor alpha locus at 14q11.2"
"HGNC:12065","TRAJ35","T cell receptor alpha joining 35 (non-functional)","","","14q11.2","T cell receptor alpha locus at 14q11.2"
"HGNC:12066","TRAJ36","T cell receptor alpha joining 36","","","14q11.2","T cell receptor alpha locus at 14q11.2"
"HGNC:12067","TRAJ37","T cell receptor alpha joining 37","","","14q11.2","T cell receptor alpha locus at 14q11.2"
"HGNC:12068","TRAJ38","T cell receptor alpha joining 38","","","14q11.2","T cell receptor alpha locus at 14q11.2"
"HGNC:12069","TRAJ39","T cell receptor alpha joining 39","","","14q11.2","T cell receptor alpha locus at 14q11.2"
"HGNC:12071","TRAJ40","T cell receptor alpha joining 40","","","14q11.2","T cell receptor alpha locus at 14q11.2"
"HGNC:12072","TRAJ41","T cell receptor alpha joining 41","","","14q11.2","T cell receptor alpha locus at 14q11.2"
"HGNC:12073","TRAJ42","T cell receptor alpha joining 42","","","14q11.2","T cell receptor alpha locus at 14q11.2"
"HGNC:12074","TRAJ43","T cell receptor alpha joining 43","","","14q11.2","T cell receptor alpha locus at 14q11.2"
"HGNC:12075","TRAJ44","T cell receptor alpha joining 44","","","14q11.2","T cell receptor alpha locus at 14q11.2"
"HGNC:12076","TRAJ45","T cell receptor alpha joining 45","","","14q11.2","T cell receptor alpha locus at 14q11.2"
"HGNC:12077","TRAJ46","T cell receptor alpha joining 46","","","14q11.2","T cell receptor alpha locus at 14q11.2"
"HGNC:12078","TRAJ47","T cell receptor alpha joining 47","","","14q11.2","T cell receptor alpha locus at 14q11.2"
"HGNC:12079","TRAJ48","T cell receptor alpha joining 48","","","14q11.2","T cell receptor alpha locus at 14q11.2"
"HGNC:12080","TRAJ49","T cell receptor alpha joining 49","","","14q11.2","T cell receptor alpha locus at 14q11.2"
"HGNC:12082","TRAJ50","T cell receptor alpha joining 50","","","14q11.2","T cell receptor alpha locus at 14q11.2"
"HGNC:12083","TRAJ51","T cell receptor alpha joining 51 (pseudogene)","","","14q11.2","T cell receptor alpha locus at 14q11.2"
"HGNC:12084","TRAJ52","T cell receptor alpha joining 52","","","14q11.2","T cell receptor alpha locus at 14q11.2"
"HGNC:12085","TRAJ53","T cell receptor alpha joining 53","","","14q11.2","T cell receptor alpha locus at 14q11.2"
"HGNC:12086","TRAJ54","T cell receptor alpha joining 54","","","14q11.2","T cell receptor alpha locus at 14q11.2"
"HGNC:12087","TRAJ55","T cell receptor alpha joining 55 (pseudogene)","","","14q11.2","T cell receptor alpha locus at 14q11.2"
"HGNC:12088","TRAJ56","T cell receptor alpha joining 56","","","14q11.2","T cell receptor alpha locus at 14q11.2"
"HGNC:12089","TRAJ57","T cell receptor alpha joining 57","","","14q11.2","T cell receptor alpha locus at 14q11.2"
"HGNC:12090","TRAJ58","T cell receptor alpha joining 58 (non-functional)","","","14q11.2","T cell receptor alpha locus at 14q11.2"
"HGNC:12091","TRAJ59","T cell receptor alpha joining 59 (non-functional)","","","14q11.2","T cell receptor alpha locus at 14q11.2"
"HGNC:12093","TRAJ60","T cell receptor alpha joining 60 (pseudogene)","","","14q11.2","T cell receptor alpha locus at 14q11.2"
"HGNC:12094","TRAJ61","T cell receptor alpha joining 61 (non-functional)","","","14q11.2","T cell receptor alpha locus at 14q11.2"
"HGNC:12029","TRAC","T cell receptor alpha constant","","","14q11.2","T cell receptor alpha locus at 14q11.2"
"HGNC:18741","TRBVAOR9-2","T cell receptor beta variable A/OR9-2 (pseudogene)","","","9p21","T cell receptor beta (TRB) orphons"
"HGNC:12197","TRBV20OR9-2","T cell receptor beta variable 20/OR9-2 (non-functional)","TCRBV2O","","9p13.3","T cell receptor beta (TRB) orphons"
"HGNC:12199","TRBV21OR9-2","T cell receptor beta variable 21/OR9-2 (pseudogene)","TCRBV10O","","9p13.3","T cell receptor beta (TRB) orphons"
"HGNC:18740","TRBV22OR9-2","T cell receptor beta variable 22/OR9-2 (pseudogene)","","","9p13.3","T cell receptor beta (TRB) orphons"
"HGNC:12202","TRBV23OR9-2","T cell receptor beta variable 23/OR9-2 (pseudogene)","","","9p13.3","T cell receptor beta (TRB) orphons"
"HGNC:12204","TRBV24OR9-2","T cell receptor beta variable 24/OR9-2 (pseudogene)","TCRBV15O","","9p13.3","T cell receptor beta (TRB) orphons"
"HGNC:12206","TRBV25OR9-2","T cell receptor beta variable 25/OR9-2 (pseudogene)","TCRBV11O","","9p13.3","T cell receptor beta (TRB) orphons"
"HGNC:15485","TRBV26OR9-2","T cell receptor beta variable 26/OR9-2 (pseudogene)","","","9p13.3","T cell receptor beta (TRB) orphons"
"HGNC:12211","TRBV29OR9-2","T cell receptor beta variable 29/OR9-2 (non-functional)","TCRBV4O","","9p13.3","T cell receptor beta (TRB) orphons"
"HGNC:12155","TRB","T cell receptor beta locus","TCRB,TRB@","","7q34","T cell receptor beta locus at 7q34"
"HGNC:12176","TRBV1","T cell receptor beta variable 1 (pseudogene)","","","7q34","T cell receptor beta locus at 7q34"
"HGNC:12195","TRBV2","T cell receptor beta variable 2","","","7q34","T cell receptor beta locus at 7q34"
"HGNC:12212","TRBV3-1","T cell receptor beta variable 3-1","","","7q34","T cell receptor beta locus at 7q34"
"HGNC:12213","TRBV3-2","T cell receptor beta variable 3-2 (pseudogene)","","","7q34 alternate reference locus","T cell receptor beta locus at 7q34"
"HGNC:12215","TRBV4-1","T cell receptor beta variable 4-1","","","7q34","T cell receptor beta locus at 7q34"
"HGNC:12216","TRBV4-2","T cell receptor beta variable 4-2","","","7q34","T cell receptor beta locus at 7q34"
"HGNC:12217","TRBV4-3","T cell receptor beta variable 4-3","","","7q34 alternate reference locus","T cell receptor beta locus at 7q34"
"HGNC:12218","TRBV5-1","T cell receptor beta variable 5-1","","","7q34","T cell receptor beta locus at 7q34"
"HGNC:12219","TRBV5-2","T cell receptor beta variable 5-2 (pseudogene)","","","7q34","T cell receptor beta locus at 7q34"
"HGNC:12220","TRBV5-3","T cell receptor beta variable 5-3 (non-functional)","","","7q34","T cell receptor beta locus at 7q34"
"HGNC:12221","TRBV5-4","T cell receptor beta variable 5-4","","","7q34","T cell receptor beta locus at 7q34"
"HGNC:12222","TRBV5-5","T cell receptor beta variable 5-5","","","7q34","T cell receptor beta locus at 7q34"
"HGNC:12223","TRBV5-6","T cell receptor beta variable 5-6","","","7q34","T cell receptor beta locus at 7q34"
"HGNC:12224","TRBV5-7","T cell receptor beta variable 5-7 (non-functional)","","","7q34","T cell receptor beta locus at 7q34"
"HGNC:12225","TRBV5-8","T cell receptor beta variable 5-8","","","7q34 alternate reference locus","T cell receptor beta locus at 7q34"
"HGNC:12226","TRBV6-1","T cell receptor beta variable 6-1","","","7q34","T cell receptor beta locus at 7q34"
"HGNC:12227","TRBV6-2","T cell receptor beta variable 6-2","","","7q34","T cell receptor beta locus at 7q34"
"HGNC:12228","TRBV6-3","T cell receptor beta variable 6-3","","","7q34 alternate reference locus","T cell receptor beta locus at 7q34"
"HGNC:12229","TRBV6-4","T cell receptor beta variable 6-4","","","7q34","T cell receptor beta locus at 7q34"
"HGNC:12230","TRBV6-5","T cell receptor beta variable 6-5","","","7q34","T cell receptor beta locus at 7q34"
"HGNC:12231","TRBV6-6","T cell receptor beta variable 6-6","","","7q34","T cell receptor beta locus at 7q34"
"HGNC:12232","TRBV6-7","T cell receptor beta variable 6-7 (non-functional)","","","7q34","T cell receptor beta locus at 7q34"
"HGNC:12233","TRBV6-8","T cell receptor beta variable 6-8","","","7q34","T cell receptor beta locus at 7q34"
"HGNC:12234","TRBV6-9","T cell receptor beta variable 6-9","","","7q34 alternate reference locus","T cell receptor beta locus at 7q34"
"HGNC:12235","TRBV7-1","T cell receptor beta variable 7-1 (non-functional)","","","7q34","T cell receptor beta locus at 7q34"
"HGNC:12236","TRBV7-2","T cell receptor beta variable 7-2","","","7q34","T cell receptor beta locus at 7q34"
"HGNC:12237","TRBV7-3","T cell receptor beta variable 7-3","","","7q34","T cell receptor beta locus at 7q34"
"HGNC:12238","TRBV7-4","T cell receptor beta variable 7-4","","","7q34","T cell receptor beta locus at 7q34"
"HGNC:12239","TRBV7-5","T cell receptor beta variable 7-5 (pseudogene)","","","7q34","T cell receptor beta locus at 7q34"
"HGNC:12240","TRBV7-6","T cell receptor beta variable 7-6","","","7q34","T cell receptor beta locus at 7q34"
"HGNC:12241","TRBV7-7","T cell receptor beta variable 7-7","","","7q34","T cell receptor beta locus at 7q34"
"HGNC:12242","TRBV7-8","T cell receptor beta variable 7-8","","","7q34 alternate reference locus","T cell receptor beta locus at 7q34"
"HGNC:12243","TRBV7-9","T cell receptor beta variable 7-9","","","7q34","T cell receptor beta locus at 7q34"
"HGNC:12244","TRBV8-1","T cell receptor beta variable 8-1 (pseudogene)","","","7q34","T cell receptor beta locus at 7q34"
"HGNC:12245","TRBV8-2","T cell receptor beta variable 8-2 (pseudogene)","","","7q34","T cell receptor beta locus at 7q34"
"HGNC:12246","TRBV9","T cell receptor beta variable 9","","","7q34","T cell receptor beta locus at 7q34"
"HGNC:12177","TRBV10-1","T cell receptor beta variable 10-1","","","7q34","T cell receptor beta locus at 7q34"
"HGNC:12178","TRBV10-2","T cell receptor beta variable 10-2","","","7q34","T cell receptor beta locus at 7q34"
"HGNC:12179","TRBV10-3","T cell receptor beta variable 10-3","","","7q34","T cell receptor beta locus at 7q34"
"HGNC:12180","TRBV11-1","T cell receptor beta variable 11-1","","","7q34","T cell receptor beta locus at 7q34"
"HGNC:12181","TRBV11-2","T cell receptor beta variable 11-2","","","7q34","T cell receptor beta locus at 7q34"
"HGNC:12182","TRBV11-3","T cell receptor beta variable 11-3","","","7q34","T cell receptor beta locus at 7q34"
"HGNC:12183","TRBV12-1","T cell receptor beta variable 12-1 (pseudogene)","","","7q34","T cell receptor beta locus at 7q34"
"HGNC:12184","TRBV12-2","T cell receptor beta variable 12-2 (pseudogene)","","","7q34","T cell receptor beta locus at 7q34"
"HGNC:12185","TRBV12-3","T cell receptor beta variable 12-3","","","7q34","T cell receptor beta locus at 7q34"
"HGNC:12186","TRBV12-4","T cell receptor beta variable 12-4","","","7q34","T cell receptor beta locus at 7q34"
"HGNC:12187","TRBV12-5","T cell receptor beta variable 12-5","","","7q34","T cell receptor beta locus at 7q34"
"HGNC:12188","TRBV13","T cell receptor beta variable 13","","","7q34","T cell receptor beta locus at 7q34"
"HGNC:12189","TRBV14","T cell receptor beta variable 14","","","7q34","T cell receptor beta locus at 7q34"
"HGNC:12190","TRBV15","T cell receptor beta variable 15","","","7q34","T cell receptor beta locus at 7q34"
"HGNC:12191","TRBV16","T cell receptor beta variable 16","","","7q34","T cell receptor beta locus at 7q34"
"HGNC:12192","TRBV17","T cell receptor beta variable 17 (non-functional)","","","7q34","T cell receptor beta locus at 7q34"
"HGNC:12193","TRBV18","T cell receptor beta variable 18","","","7q34","T cell receptor beta locus at 7q34"
"HGNC:12194","TRBV19","T cell receptor beta variable 19","","","7q34","T cell receptor beta locus at 7q34"
"HGNC:12196","TRBV20-1","T cell receptor beta variable 20-1","","","7q34","T cell receptor beta locus at 7q34"
"HGNC:12198","TRBV21-1","T cell receptor beta variable 21-1 (pseudogene)","","","7q34","T cell receptor beta locus at 7q34"
"HGNC:12200","TRBV22-1","T cell receptor beta variable 22-1 (pseudogene)","TRBV22","","7q34","T cell receptor beta locus at 7q34"
"HGNC:12201","TRBV23-1","T cell receptor beta variable 23-1 (non-functional)","","","7q34","T cell receptor beta locus at 7q34"
"HGNC:12203","TRBV24-1","T cell receptor beta variable 24-1","","","7q34","T cell receptor beta locus at 7q34"
"HGNC:12205","TRBV25-1","T cell receptor beta variable 25-1","","","7q34","T cell receptor beta locus at 7q34"
"HGNC:12207","TRBV26","T cell receptor beta variable 26 (pseudogene)","","","7q34","T cell receptor beta locus at 7q34"
"HGNC:12208","TRBV27","T cell receptor beta variable 27","","","7q34","T cell receptor beta locus at 7q34"
"HGNC:12209","TRBV28","T cell receptor beta variable 28","","","7q34","T cell receptor beta locus at 7q34"
"HGNC:12210","TRBV29-1","T cell receptor beta variable 29-1","","","7q34","T cell receptor beta locus at 7q34"
"HGNC:12214","TRBV30","T cell receptor beta variable 30","","","7q34","T cell receptor beta locus at 7q34"
"HGNC:12247","TRBVA","T cell receptor beta variable A (pseudogene)","","","7q34","T cell receptor beta locus at 7q34"
"HGNC:12248","TRBVB","T cell receptor beta variable B (pseudogene)","","","7q34","T cell receptor beta locus at 7q34"
"HGNC:12158","TRBD1","T cell receptor beta diversity 1","","","7q34","T cell receptor beta locus at 7q34"
"HGNC:50321","TRBVC","T cell receptor beta variable C","","","7q34","T cell receptor beta locus at 7q34"
"HGNC:12159","TRBD2","T cell receptor beta diversity 2","","","7q34","T cell receptor beta locus at 7q34"
"HGNC:12162","TRBJ1-1","T cell receptor beta joining 1-1","","","7q34","T cell receptor beta locus at 7q34"
"HGNC:12163","TRBJ1-2","T cell receptor beta joining 1-2","","","7q34","T cell receptor beta locus at 7q34"
"HGNC:12164","TRBJ1-3","T cell receptor beta joining 1-3","","","7q34","T cell receptor beta locus at 7q34"
"HGNC:12165","TRBJ1-4","T cell receptor beta joining 1-4","","","7q34","T cell receptor beta locus at 7q34"
"HGNC:12166","TRBJ1-5","T cell receptor beta joining 1-5","","","7q34","T cell receptor beta locus at 7q34"
"HGNC:12167","TRBJ1-6","T cell receptor beta joining 1-6","","","7q34","T cell receptor beta locus at 7q34"
"HGNC:12168","TRBJ2-1","T cell receptor beta joining 2-1","","","7q34","T cell receptor beta locus at 7q34"
"HGNC:12169","TRBJ2-2","T cell receptor beta joining 2-2","","","7q34","T cell receptor beta locus at 7q34"
"HGNC:12170","TRBJ2-2P","T cell receptor beta joining 2-2P (non-functional)","","","7q34","T cell receptor beta locus at 7q34"
"HGNC:12171","TRBJ2-3","T cell receptor beta joining 2-3","","","7q34","T cell receptor beta locus at 7q34"
"HGNC:12172","TRBJ2-4","T cell receptor beta joining 2-4","","","7q34","T cell receptor beta locus at 7q34"
"HGNC:12173","TRBJ2-5","T cell receptor beta joining 2-5","","","7q34","T cell receptor beta locus at 7q34"
"HGNC:12174","TRBJ2-6","T cell receptor beta joining 2-6","","","7q34","T cell receptor beta locus at 7q34"
"HGNC:12175","TRBJ2-7","T cell receptor beta joining 2-7","","","7q34","T cell receptor beta locus at 7q34"
"HGNC:12156","TRBC1","T cell receptor beta constant 1","","","7q34","T cell receptor beta locus at 7q34"
"HGNC:12157","TRBC2","T cell receptor beta constant 2","","","7q34","T cell receptor beta locus at 7q34"
"HGNC:12252","TRD","T cell receptor delta locus","TCRD,TRD@","","14q11.2","T cell receptor delta locus at 14q11.2"
"HGNC:12262","TRDV1","T cell receptor delta variable 1","","","14q11.2","T cell receptor delta locus at 14q11.2"
"HGNC:12263","TRDV2","T cell receptor delta variable 2","","","14q11.2","T cell receptor delta locus at 14q11.2"
"HGNC:12264","TRDV3","T cell receptor delta variable 3","","","14q11.2","T cell receptor delta locus at 14q11.2"
"HGNC:12254","TRDD1","T cell receptor delta diversity 1","","","14q11.2","T cell receptor delta locus at 14q11.2"
"HGNC:12255","TRDD2","T cell receptor delta diversity 2","","","14q11.2","T cell receptor delta locus at 14q11.2"
"HGNC:12256","TRDD3","T cell receptor delta diversity 3","","","14q11.2","T cell receptor delta locus at 14q11.2"
"HGNC:12257","TRDJ1","T cell receptor delta joining 1","","","14q11.2","T cell receptor delta locus at 14q11.2"
"HGNC:12258","TRDJ2","T cell receptor delta joining 2","","","14q11.2","T cell receptor delta locus at 14q11.2"
"HGNC:12259","TRDJ3","T cell receptor delta joining 3","","","14q11.2","T cell receptor delta locus at 14q11.2"
"HGNC:12260","TRDJ4","T cell receptor delta joining 4","","","14q11.2","T cell receptor delta locus at 14q11.2"
"HGNC:12253","TRDC","T cell receptor delta constant","","","14q11.2","T cell receptor delta locus at 14q11.2"
"HGNC:12271","TRG","T cell receptor gamma locus","TCRG,TRG@","","7p14","T cell receptor gamma locus at 7p14"
"HGNC:12284","TRGV1","T cell receptor gamma variable 1 (non-functional)","TCRGV1","","7p14.1","T cell receptor gamma locus at 7p14"
"HGNC:12287","TRGV2","T cell receptor gamma variable 2","TCRGV2","","7p14.1","T cell receptor gamma locus at 7p14"
"HGNC:12288","TRGV3","T cell receptor gamma variable 3","TCRGV3","","7p14.1","T cell receptor gamma locus at 7p14"
"HGNC:12289","TRGV4","T cell receptor gamma variable 4","TCRGV4","","7p14.1","T cell receptor gamma locus at 7p14"
"HGNC:12290","TRGV5","T cell receptor gamma variable 5","TCRGV5","","7p14.1","T cell receptor gamma locus at 7p14"
"HGNC:12291","TRGV5P","T cell receptor gamma variable 5P (pseudogene)","TCRGV5P","","7p14.1","T cell receptor gamma locus at 7p14"
"HGNC:12292","TRGV6","T cell receptor gamma variable 6 (pseudogene)","TCRGV6","","7p14.1","T cell receptor gamma locus at 7p14"
"HGNC:12293","TRGV7","T cell receptor gamma variable 7 (pseudogene)","TCRGV7","","7p14.1","T cell receptor gamma locus at 7p14"
"HGNC:12294","TRGV8","T cell receptor gamma variable 8","TCRGV8","","7p14.1","T cell receptor gamma locus at 7p14"
"HGNC:12295","TRGV9","T cell receptor gamma variable 9","TCRGV9","","7p14.1","T cell receptor gamma locus at 7p14"
"HGNC:12285","TRGV10","T cell receptor gamma variable 10 (non-functional)","TCRGV10","","7p14.1","T cell receptor gamma locus at 7p14"
"HGNC:12286","TRGV11","T cell receptor gamma variable 11 (non-functional)","TCRGV11","","7p14.1","T cell receptor gamma locus at 7p14"
"HGNC:12296","TRGVA","T cell receptor gamma variable A (pseudogene)","TCRGVA","","7p14.1","T cell receptor gamma locus at 7p14"
"HGNC:12297","TRGVB","T cell receptor gamma variable B (pseudogene)","TCRGVB","","7p14.1","T cell receptor gamma locus at 7p14"
"HGNC:12277","TRGJ1","T cell receptor gamma joining 1","TCRGJ1","","7p14.1","T cell receptor gamma locus at 7p14"
"HGNC:12278","TRGJ2","T cell receptor gamma joining 2","TCRGJ2","","7p14.1","T cell receptor gamma locus at 7p14"
"HGNC:12279","TRGJP","T cell receptor gamma joining P","TCRGJP","","7p14.1","T cell receptor gamma locus at 7p14"
"HGNC:12280","TRGJP1","T cell receptor gamma joining P1","TCRGJP1","","7p14.1","T cell receptor gamma locus at 7p14"
"HGNC:12281","TRGJP2","T cell receptor gamma joining P2","TCRGJP2","","7p14.1","T cell receptor gamma locus at 7p14"
"HGNC:12275","TRGC1","T cell receptor gamma constant 1","TCRGC1","","7p14.1","T cell receptor gamma locus at 7p14"
"HGNC:12276","TRGC2","T cell receptor gamma constant 2","TCRGC2","","7p14.1","T cell receptor gamma locus at 7p14"
